tg_id,tg_user_name,group_link,message_link,text_message
6777117009,TuSiA72,https://t.me/Baraholka_Phuket_ru,https://t.me/Baraholka_Phuket_ru/92433,"–í—Å–µ–º –ø—Ä–∏–≤–µ—Ç!
–ï—Å–ª–∏ –í–∞–º —Ö–æ—á–µ—Ç—Å—è –æ—Ç–≤–µ–¥–∞—Ç—å —á–µ–≥–æ-–Ω–∏–±—É–¥—å –¥–æ–º–∞—à–Ω–µ–≥–æ  –∏ –ø–æ –Ω–∞—Å—Ç–æ—è—â–µ–º—É –≤–∫—É—Å–Ω–æ–≥–æ, —Ç–æ —Å–∫–æ—Ä–µ–µ –ø–∏—à–∏—Ç–µ –º–Ω–µ –∏ –∑–∞–∫–∞–∑—ã–≤–∞–π—Ç–µ!
–í –º–µ–Ω—é —Å–∞–º—ã–µ –≤–∫—É—Å–Ω—ã–µ –∏ –Ω–µ–∂–Ω—ã–µ –±–ª–∏–Ω—á–∏–∫–∏ —Å –Ω–∞—á–∏–Ω–∫–∞–º–∏  –∏ –±–µ–∑. üòç
–•—Ä—É—Å—Ç—è—â–∏–µ, —Å–æ—á–Ω—ã–µ —á–µ–±—É—Ä–µ–∫–∏ 
–ü–∏—Ä–æ–≥–∏ –∏ –ø–∏—Ä–æ–∂–∫–∏ —Å —Ä–∞–∑–ª–∏—á–Ω—ã–º–∏ –Ω–∞—á–∏–Ω–∫–∞–º–∏ 
–ö–≤–∞—à–µ–Ω–∞—è –∫–∞–ø—É—Å—Ç–∞, —Å–æ–ª—ë–Ω—ã–µ –ø–æ–º–∏–¥–æ—Ä—á–∏–∫–∏ –∏ –æ–≥—É—Ä—á–∏–∫–∏. 
–î–æ–º–∞—à–Ω–∏–π —Å–≤–µ–∂–∏–π —Ç–≤–æ—Ä–æ–∂–æ–∫. 
–¢–∞–∫ –∂–µ –∫ –∑–∞–∫–∞–∑—É –¥–æ—Å—Ç—É–ø–Ω—ã –ª—é–±—ã–µ –±–ª—é–¥–∞ —Å–ª–∞–≤—è–Ω—Å–∫–æ–π –∫—É—Ö–Ω–∏ (—Å–∞–ª–∞—Ç—ã ,—Å—É–ø—ã, –≤—Ç–æ—Ä—ã–µ –±–ª—é–¥–∞)
–î–ª—è –∑–∞–∫–∞–∑–∞ –ø–∏—à–∏—Ç–µ –≤ W/app +79145483238

üí¨ –ö–æ–Ω—Ç–∞–∫—Ç: Natalia Natalia (@TuSiA72)"
7074343286,realestatephuketisland,https://t.me/Baraholka_Phuket_ru,https://t.me/Baraholka_Phuket_ru/92460,"üèÑ‚Äç‚ôÄÔ∏è –ü—Ä–æ–¥–∞—ë—Ç—Å—è —Å—Ç—É–¥–∏—è —Ä—è–¥–æ–º —Å –ø–ª—è–∂–µ–º –°—É—Ä–∏–Ω, –∏–¥–µ–∞–ª—å–Ω–æ –ø–æ–¥—Ö–æ–¥–∏—Ç –ø–æ–¥ –ø–æ–ª—É—á–µ–Ω–∏–µ –¥–æ—Ö–æ–¥–∞ –æ—Ç –∞—Ä–µ–Ω–¥—ã!

–¶–µ–Ω–∞: ‡∏ø2 900¬†000,00 (‚ÇΩ7 000 000, $79 250*)

–ü–ª–æ—â–∞–¥—å: 27–º/–∫–≤. –≠—Ç–∞–∂: 6

–†–∞—Å–ø–æ–ª–æ–∂–µ–Ω–∏–µ:
https://maps.app.goo.gl/hH2jpwhH63qywxKEA üó∫                       

üèù–í–±–ª–∏–∑–∏ –ø–ª—è–∂ –°—É—Ä–∏–Ω (10 –º–∏–Ω—É—Ç –ø–µ—à–∫–æ–º)

üèû–§–æ—Ä–º–∞ –≤–ª–∞–¥–µ–Ω–∏—è - –ª–∏–∑—Ö–æ–ª–¥ 

–û—Å–Ω–æ–≤–Ω—ã–µ –ø—Ä–µ–∏–º—É—â–µ—Å—Ç–≤–∞:

‚úÖ –ü–æ–ø—É–ª—è—Ä–Ω—ã–π —Ä–∞–π–æ–Ω –Ω–∞ –ü—Ö—É–∫–µ—Ç–µ 
‚úÖ –ü–ª—è–∂ –≤ –ø–µ—à–µ–π –¥–æ—Å—Ç—É–ø–Ω–æ—Å—Ç–∏
‚úÖ –ö–æ–º—Ñ–æ—Ä—Ç–Ω—ã–π –∫–æ–º–ø–ª–µ–∫—Å      

ü™©–ù–∞ —Ç–µ—Ä—Ä–∏—Ç–æ—Ä–∏–∏: —Ä–µ—Å–µ–ø—à–µ–Ω, —Ñ–∏—Ç–Ω–µ—Å-—Ü–µ–Ω—Ç—Ä, –±–∞—Å—Å–µ–π–Ω—ã, –±–µ—Å–ø–ª–∞—Ç–Ω–∞—è —á–∞—Å—Ç–Ω–∞—è –ø–∞—Ä–∫–æ–≤–∫–∞, –∫—Ä—É–≥–ª–æ—Å—É—Ç–æ—á–Ω–∞—è  –æ—Ö—Ä–∞–Ω–∞ (–≤—Ö–æ–¥ –ø–æ —ç–ª–µ–∫—Ç—Ä–æ–Ω–Ω—ã–º –∫–∞—Ä—Ç–∞–º), —Å–∞–¥, —Ç–µ—Ä—Ä–∞—Å–∞

üèù–°—Ç—É–¥–∏—è –æ–±–æ—Ä—É–¥–æ–≤–∞–Ω–∞ –≤—Å–µ–º –Ω–µ–æ–±—Ö–æ–¥–∏–º—ã–º –¥–ª—è –∫–æ–º—Ñ–æ—Ä—Ç–Ω–æ–≥–æ –ø—Ä–æ–∂–∏–≤–∞–Ω–∏—è 2 - 3 -–µ—Ö —á–µ–ª–æ–≤–µ–∫

üí∞–ü–æ–∑–≤–æ–Ω–∏—Ç–µ –∏ —è –æ—Ä–≥–∞–Ω–∏–∑—É—é –æ–Ω–ª–∞–π–Ω –ø–æ–∫–∞–∑. –ö–≤–∞—Ä—Ç–∏—Ä—É –º–æ–∂–Ω–æ –ø—Ä–∏–æ–±—Ä–µ—Å—Ç–∏ –¥–∏—Å—Ç–∞–Ω—Ü–∏–æ–Ω–Ω–æ. –ü–æ–º–æ–≥—É —Å–¥–∞—Ç—å –≤ –∞—Ä–µ–Ω–¥—É –∏ —É–ø—Ä–∞–≤–ª—è—Ç—å –∫–≤–∞—Ä—Ç–∏—Ä–æ–π 

ü™©–ï—Å—Ç—å –¥—Ä—É–≥–∏–µ –≤–∞—Ä–∏–∞–Ω—Ç—ã –ø–æ –æ—Å—Ç—Ä–æ–≤—É. –ù–∞–ø–∏—à–∏—Ç–µ –∏–ª–∏ –ø–æ–∑–≤–æ–Ω–∏—Ç–µ —á—Ç–æ–±—ã —É–∑–Ω–∞—Ç—å –ø–æ–¥—Ä–æ–±–Ω–æ—Å—Ç–∏

–î–ª—è –∫–æ–Ω—Å—É–ª—å—Ç–∞—Ü–∏–∏ –ø–æ –∫–≤–∞—Ä—Ç–∏—Ä–µ –∏ –∑–∞–ø–∏—Å–∏ –Ω–∞ –ø—Ä–æ—Å–º–æ—Ç—Ä (–≤–æ–∑–º–æ–∂–µ–Ω –æ–Ω–ª–∞–π–Ω –ø–æ–∫–∞–∑), –æ–±—Ä–∞—â–∞–π—Ç–µ—Å—å:

üìû +66990927448

* —É—Ç–æ—á–Ω—è–π—Ç–µ —Ü–µ–Ω—ã (‚ÇΩ –∏ $) –Ω–∞ —Ç–µ–∫—É—â—É—é –¥–∞—Ç—É."
7074343286,realestatephuketisland,https://t.me/phuket_buy_sell,https://t.me/phuket_buy_sell/231878,"ü´ß –ù–æ–≤—ã–π –∫–æ–Ω–¥–æ –≤ —É–Ω–∏–∫–∞–ª—å–Ω–æ–º –ø—Ä–æ–µ–∫—Ç–µ!

–¶–µ–Ω–∞: ‡∏ø5¬†100¬†000 (‚ÇΩ11 990 000, $141 000*) –µ—Å—Ç—å —Ä–∞—Å—Å—Ä–æ—á–∫–∞.

–ü–ª–æ—â–∞–¥—å: 40–º/–∫–≤. –≠—Ç–∞–∂: 4

–†–∞—Å–ø–æ–ª–æ–∂–µ–Ω–∏–µ:
https://maps.app.goo.gl/K4jge6H9ZxnoAmei9 üó∫

üéØ –°–¥–∞—á–∞ –ø—Ä–æ–µ–∫—Ç–∞ –∫–æ–Ω–µ—Ü 2024 –≥–æ–¥–∞! (–ö–æ—Ä–ø—É—Å –ú–∞–∫—Å)

–û—Å–Ω–æ–≤–Ω—ã–µ –ø—Ä–µ–∏–º—É—â–µ—Å—Ç–≤–∞:

‚úÖ –í–µ–ª–∏–∫–æ–ª–µ–ø–Ω—ã–π –≤–∏–¥
‚úÖ –£–ª—å—Ç—Ä–∞-—Å–æ–≤—Ä–µ–º–µ–Ω–Ω—ã–π –¥–∏–∑–∞–π–Ω
‚úÖ –†—è–¥–æ–º –ø–ª—è–∂ –ù–∞–π—Ö–∞—Ä–Ω

ü™© –ö–æ–º–ø–ª–µ–∫—Å —Å–æ –≤—Å–µ–π –∏–Ω—Ñ—Ä–∞—Å—Ç—Ä—É–∫—Ç—É—Ä–æ–π
–¥–ª—è –±–µ–∑–∑–∞–±–æ—Ç–Ω–æ–≥–æ –∏ –∫–æ–º—Ñ–æ—Ä—Ç–Ω–æ–≥–æ –ø—Ä–æ–∂–∏–≤–∞–Ω–∏—è.
–°—É–ø–µ—Ä –æ—Ç–¥–µ–ª–∫–∞ –∏–∑ —Å–æ–≤—Ä–µ–º–µ–Ω–Ω—ã—Ö –º–∞—Ç–µ—Ä–∏–∞–ª–æ–≤.

üëå–ê–≥–µ–Ω—Ç—ã, –¥–æ–±—Ä–æ –ø–æ–∂–∞–ª–æ–≤–∞—Ç—å!

ü•á–í—Å–µ –¥–æ–∫—É–º–µ–Ω—Ç—ã –ø–æ–¥–≥–æ—Ç–æ–≤–ª–µ–Ω—ã –∫ –ø—Ä–æ–¥–∞–∂–µ. 

–î–ª—è –∫–æ–Ω—Å—É–ª—å—Ç–∞—Ü–∏–∏ –ø–æ –∫–≤–∞—Ä—Ç–∏—Ä–µ –∏ –∑–∞–ø–∏—Å–∏ –Ω–∞ –ø—Ä–æ—Å–º–æ—Ç—Ä
(–≤–æ–∑–º–æ–∂–µ–Ω –æ–Ω–ª–∞–π–Ω –ø–æ–∫–∞–∑) –æ–±—Ä–∞—â–∞–π—Ç–µ—Å—å:

üìû +66990927448

* —É—Ç–æ—á–Ω—è–π—Ç–µ —Ü–µ–Ω—ã (‚ÇΩ –∏ $) –Ω–∞ —Ç–µ–∫—É—â—É—é –¥–∞—Ç—É."
968945531,valeriiamiss,https://t.me/Baraholka_Phuket_ru,https://t.me/Baraholka_Phuket_ru/92472,"‚ÄºÔ∏è üéÑüèñ–û–¢–ö–†–´–¢–û –ë–†–û–ù–ò–†–û–í–ê–ù–ò–ï –í–´–°–û–ö–ò–ô –°–ï–ó–û–ù 24/25 (–Ω–æ—è–±—Ä—å-–º–∞—Ä—Ç)

üè° TITLE RAWAI (—é–≥ –æ—Å—Ç—Ä–æ–≤–∞)
üè° TITLE NAIYANG RESIDENCIES (—Å–µ–≤–µ—Ä –æ—Å—Ç—Ä–æ–≤–∞)

‚úÖ–∞—Ä–µ–Ω–¥–∞ –æ—Ç –æ—Ñ–∏—Ü–∏–∞–ª—å–Ω–æ–π —Ç–∞–π—Å–∫–æ–π –∫–æ–º–ø–∞–Ω–∏–∏, –±–æ–ª–µ–µ 90 –∫–≤–∞—Ä—Ç–∏—Ä –≤ —É–ø—Ä–∞–≤–ª–µ–Ω–∏–∏ 
‚úÖ–ø—Ä–∏–Ω–∏–º–∞–µ–º —Ä–µ–∑–µ—Ä–≤—ã –æ—Ç 1 –º–µ—Å—è—Ü–∞
‚úÖ–±–µ–∑ –∫–æ–º–∏—Å—Å–∏–∏ –≤–Ω–µ—à–Ω–∏—Ö –∞–≥–µ–Ω—Ç–æ–≤ –∏ —Å–∫—Ä—ã—Ç—ã—Ö –ø–ª–∞—Ç–µ–∂–µ–π
‚úÖ–æ—Ñ–∏—Ü–∏–∞–ª—å–Ω—ã–π –¥–æ–≥–æ–≤–æ—Ä, —Ñ–æ—Ä–º–∞ –¢–ú30 (—Ä–µ–≥–∏—Å—Ç—Ä–∞—Ü–∏—è)
üö´ —Å –∂–∏–≤–æ—Ç–Ω—ã–º–∏ –Ω–µ —Ä–∞–∑—Ä–µ—à–µ–Ω–æ –ø—Ä–∞–≤–∏–ª–∞–º–∏ –∫–æ–º–ø–ª–µ–∫—Å–æ–≤

üè° TITLE RAWAI –≤ 50 –º–µ—Ç—Ä–∞—Ö –æ—Ç –†–∞–≤–∞–π—Å–∫–æ–π –Ω–∞–±–µ—Ä–µ–∂–Ω–æ–π 
     üè° –°—Ç—É–¥–∏–∏ 30–º2
     üè° 1BR 35-50–º2
     üè° 2BR 63-78–º2

üè° TITLE NAIYANG RESIDENCIES –≤ 300 –æ—Ç –ø–ª—è–∂–∞ –ù–∞—è–Ω–≥
     üè° 1 BR 36-47–º2
     üè° 2BR 61-85–º2

–í –∑–∞—è–≤–∫–µ –ø—Ä–æ—Å—å–±–∞ —É–∫–∞–∑—ã–≤–∞—Ç—å:
‚úçÔ∏è –∫–æ–ª–∏—á–µ—Å—Ç–≤–æ –≥–æ—Å—Ç–µ–π (–≤–∑—Ä–æ—Å–ª—ã—Ö –∏ –¥–µ—Ç–µ–π)
‚úçÔ∏è –ø–ª–∞–Ω–∏—Ä—É–µ–º—ã–µ –¥–∞—Ç—ã –∑–∞–µ–∑–¥–∞-–≤—ã–µ–∑–¥–∞
‚úçÔ∏è –≥–¥–µ –∂–µ–ª–∞–µ—Ç–µ –∞—Ä–µ–Ω–¥–æ–≤–∞—Ç—å –ù–∞—è–Ω–≥ –∏/–∏–ª–∏ –†–∞–≤–∞–π

–í —Å—Ç–æ–∏–º–æ—Å—Ç—å –≤—Å–µ–≥–¥–∞ –≤–∫–ª—é—á–µ–Ω–æ:
‚úÖ—É–±–æ—Ä–∫–∞ —Å–æ —Å–º–µ–Ω–æ–π –±–µ–ª—å—è –∏ –ø–æ–ª–æ—Ç–µ–Ω–µ—Ü 1 —Ä–∞–∑ –≤ –º–µ—Å—è—Ü
‚úÖ—Ñ–∏–Ω–∞–ª—å–Ω–∞—è —É–±–æ—Ä–∫–∞
‚úÖWi-Fi
‚úÖ–ø–æ–ª—å–∑–æ–≤–∞–Ω–∏–µ –≤—Å–µ–π –∏–Ω—Ñ—Ä–∞—Å—Ç—Ä—É–∫—Ç—É—Ä–æ–π –∫–æ–º–ø–ª–µ–∫—Å–∞

–î–æ–ø–æ–ª–Ω–∏—Ç–µ–ª—å–Ω–æ –æ–ø–ª–∞—á–∏–≤–∞–µ—Ç—Å—è: 
‚òëÔ∏è —Å–≤–µ—Ç –∏ –≤–æ–¥–∞ –ø–æ —Å—á–µ—Ç—á–∏–∫–∞–º, —Å–æ—Ö—Ä–∞–Ω–Ω—ã–π –¥–µ–ø–æ–∑–∏—Ç (–≤–æ–∑–≤—Ä–∞—â–∞–µ—Ç—Å—è –ø—Ä–∏ –≤—ã–µ–∑–¥–µ)

‚òéÔ∏èüí¨üí¨üí¨+66-63-626-9835"
968945531,valeriiamiss,https://t.me/phuket_buy_sell,https://t.me/phuket_buy_sell/231890,"‚ÄºÔ∏è üéÑüèñ–û–¢–ö–†–´–¢–û –ë–†–û–ù–ò–†–û–í–ê–ù–ò–ï –í–´–°–û–ö–ò–ô –°–ï–ó–û–ù 24/25 (–Ω–æ—è–±—Ä—å-–º–∞—Ä—Ç)

üè° TITLE RAWAI (—é–≥ –æ—Å—Ç—Ä–æ–≤–∞)
üè° TITLE NAIYANG RESIDENCIES (—Å–µ–≤–µ—Ä –æ—Å—Ç—Ä–æ–≤–∞)

‚úÖ–∞—Ä–µ–Ω–¥–∞ –æ—Ç –æ—Ñ–∏—Ü–∏–∞–ª—å–Ω–æ–π —Ç–∞–π—Å–∫–æ–π –∫–æ–º–ø–∞–Ω–∏–∏, –±–æ–ª–µ–µ 90 –∫–≤–∞—Ä—Ç–∏—Ä –≤ —É–ø—Ä–∞–≤–ª–µ–Ω–∏–∏ 
‚úÖ–ø—Ä–∏–Ω–∏–º–∞–µ–º —Ä–µ–∑–µ—Ä–≤—ã –æ—Ç 1 –º–µ—Å—è—Ü–∞
‚úÖ–±–µ–∑ –∫–æ–º–∏—Å—Å–∏–∏ –≤–Ω–µ—à–Ω–∏—Ö –∞–≥–µ–Ω—Ç–æ–≤ –∏ —Å–∫—Ä—ã—Ç—ã—Ö –ø–ª–∞—Ç–µ–∂–µ–π
‚úÖ–æ—Ñ–∏—Ü–∏–∞–ª—å–Ω—ã–π –¥–æ–≥–æ–≤–æ—Ä, —Ñ–æ—Ä–º–∞ –¢–ú30 (—Ä–µ–≥–∏—Å—Ç—Ä–∞—Ü–∏—è)
üö´ —Å –∂–∏–≤–æ—Ç–Ω—ã–º–∏ –Ω–µ —Ä–∞–∑—Ä–µ—à–µ–Ω–æ –ø—Ä–∞–≤–∏–ª–∞–º–∏ –∫–æ–º–ø–ª–µ–∫—Å–æ–≤

üè° TITLE RAWAI –≤ 50 –º–µ—Ç—Ä–∞—Ö –æ—Ç –†–∞–≤–∞–π—Å–∫–æ–π –Ω–∞–±–µ—Ä–µ–∂–Ω–æ–π 
     üè° –°—Ç—É–¥–∏–∏ 30–º2
     üè° 1BR 35-50–º2
     üè° 2BR 63-78–º2

üè° TITLE NAIYANG RESIDENCIES –≤ 300 –æ—Ç –ø–ª—è–∂–∞ –ù–∞—è–Ω–≥
     üè° 1 BR 36-47–º2
     üè° 2BR 61-85–º2

–í –∑–∞—è–≤–∫–µ –ø—Ä–æ—Å—å–±–∞ —É–∫–∞–∑—ã–≤–∞—Ç—å:
‚úçÔ∏è –∫–æ–ª–∏—á–µ—Å—Ç–≤–æ –≥–æ—Å—Ç–µ–π (–≤–∑—Ä–æ—Å–ª—ã—Ö –∏ –¥–µ—Ç–µ–π)
‚úçÔ∏è –ø–ª–∞–Ω–∏—Ä—É–µ–º—ã–µ –¥–∞—Ç—ã –∑–∞–µ–∑–¥–∞-–≤—ã–µ–∑–¥–∞
‚úçÔ∏è –≥–¥–µ –∂–µ–ª–∞–µ—Ç–µ –∞—Ä–µ–Ω–¥–æ–≤–∞—Ç—å –ù–∞—è–Ω–≥ –∏/–∏–ª–∏ –†–∞–≤–∞–π

–í —Å—Ç–æ–∏–º–æ—Å—Ç—å –≤—Å–µ–≥–¥–∞ –≤–∫–ª—é—á–µ–Ω–æ:
‚úÖ—É–±–æ—Ä–∫–∞ —Å–æ —Å–º–µ–Ω–æ–π –±–µ–ª—å—è –∏ –ø–æ–ª–æ—Ç–µ–Ω–µ—Ü 1 —Ä–∞–∑ –≤ –º–µ—Å—è—Ü
‚úÖ—Ñ–∏–Ω–∞–ª—å–Ω–∞—è —É–±–æ—Ä–∫–∞
‚úÖWi-Fi
‚úÖ–ø–æ–ª—å–∑–æ–≤–∞–Ω–∏–µ –≤—Å–µ–π –∏–Ω—Ñ—Ä–∞—Å—Ç—Ä—É–∫—Ç—É—Ä–æ–π –∫–æ–º–ø–ª–µ–∫—Å–∞

–î–æ–ø–æ–ª–Ω–∏—Ç–µ–ª—å–Ω–æ –æ–ø–ª–∞—á–∏–≤–∞–µ—Ç—Å—è: 
‚òëÔ∏è —Å–≤–µ—Ç –∏ –≤–æ–¥–∞ –ø–æ —Å—á–µ—Ç—á–∏–∫–∞–º, —Å–æ—Ö—Ä–∞–Ω–Ω—ã–π –¥–µ–ø–æ–∑–∏—Ç (–≤–æ–∑–≤—Ä–∞—â–∞–µ—Ç—Å—è –ø—Ä–∏ –≤—ã–µ–∑–¥–µ)

‚òéÔ∏èüí¨üí¨üí¨+66-63-626-9835"
107359365,,https://t.me/thetitlenaiyang,https://t.me/thetitlenaiyang/38014,"–î–æ–±—Ä—ã–π –¥–µ–Ω—å
–°–Ω–∏–º—É –∞–ø–∞—Ä—Ç–∞–º–µ–Ω—Ç—ã —Å 19.12 –ø–æ 05.01 –Ω–∞ 2 –≤–∑—Ä 1 —Ä–µ–± 3 –≥–æ–¥–∞, –ø–ª—è–∂ –∫–∞—Ä–æ–Ω –ü—Ö—É–∫–µ—Ç"
7074343286,realestatephuketisland,https://t.me/Baraholka_Phuket_ru,https://t.me/Baraholka_Phuket_ru/92485,"üå∏ –ù–æ–≤–∞—è –∫–≤–∞—Ä—Ç–∏—Ä–∞ —Å –≤—ã—Ö–æ–¥–æ–º –∫ –±–∞—Å—Å–µ–π–Ω—É

–¶–µ–Ω–∞: ‡∏ø6¬†300¬†000,00 (‚ÇΩ15 145 000, $171 140*)

–ü–ª–æ—â–∞–¥—å: 41–º/–∫–≤. –≠—Ç–∞–∂: 1

–†–∞—Å–ø–æ–ª–æ–∂–µ–Ω–∏–µ:
https://maps.app.goo.gl/Di13ByLwaFTDGEZp9 üó∫

–û—Å–Ω–æ–≤–Ω—ã–µ –ø—Ä–µ–∏–º—É—â–µ—Å—Ç–≤–∞:

‚úÖ C–≤–æ–π –≤—ã—Ö–æ–¥ –≤ –±–∞—Å—Å–µ–π–Ω
‚úÖ –ö–æ–º–ø–ª–µ–∫—Å —Å–¥–∞–Ω, –≤—Å–µ –Ω–æ–≤–æ–µ
‚úÖ –°–æ–≤—Ä–µ–º–µ–Ω–Ω–∞—è —É–ø—Ä–∞–≤–ª—è—é—â–∞—è –∫–æ–º–ø–∞–Ω–∏—è
‚úÖ –†–∞–∑–≤–∏—Ç—ã–π –∏ –ø–æ–ø—É–ª—è—Ä–Ω—ã–π —Ä–∞–π–æ–Ω

üéØ –†–∞–∑–≤–∏—Ç—ã–π –∏ –ø–æ–ø—É–ª—è—Ä–Ω—ã–π —Ä–∞–π–æ–Ω, –±–æ–ª—å—à–æ–π –∏ —á–∏—Å—Ç—ã–π –ø–ª—è–∂, –º–∞–ª–æ –≤–æ–ª–Ω.

üéØ –ù–∞ —Ç–µ—Ä—Ä–∏—Ç–æ—Ä–∏–∏ –∫–æ–º–ø–ª–µ–∫—Å–∞ –º–Ω–æ–≥–æ –±–∞—Å—Å–µ–π–Ω–æ–≤ –∏ –∑–æ–Ω –æ—Ç–¥—ã—Ö–∞, –≤—Å–µ –≤ –∑–µ–ª–µ–Ω–∏. 

üéØ –°–æ–≤—Ä–µ–º–µ–Ω–Ω–∞—è —É–ø—Ä–∞–≤–ª—è—é—â–∞—è –∫–æ–º–ø–∞–Ω–∏—è, –∫–æ—Ç–æ—Ä–∞—è –∫–∞—á–µ—Å—Ç–≤–µ–Ω–Ω–æ –æ–±—Å–ª—É–∂–∏–≤–∞–µ—Ç –¥–æ–º–∞.

üéØ –í –∫–≤–∞—Ä—Ç–∏—Ä–µ –≤—Å–µ –Ω–æ–≤–æ–µ, –ø–æ–ª–Ω–æ—Å—Ç—å—é –≤—Å–µ–º —É–∫–æ–º–ø–ª–µ–∫—Ç–æ–≤–∞–Ω–Ω–∞. 

ü•á–î–æ–∫—É–º–µ–Ω—Ç—ã –ø–æ–¥–≥–æ—Ç–æ–≤–ª–µ–Ω—ã –∫ –ø—Ä–æ–¥–∞–∂–µ. 

üí∞–¢–∞–∫ –∂–µ –∫–≤–∞—Ä—Ç–∏—Ä—É –º–æ–∂–Ω–æ –∫—É–ø–∏—Ç—å –¥–∏—Å—Ç–∞–Ω—Ü–∏–æ–Ω–Ω–æ –∏ —Å—Ä–∞–∑—É —Å–¥–∞—Ç—å –≤ –∞—Ä–µ–Ω–¥—É. –ü—Ä–µ–¥–ª–æ–∂–µ–Ω–∏–µ –≤—ã–≥–æ–¥–Ω–æ–µ, —É—Å–ø–µ–π—Ç–µ –∫—É–ø–∏—Ç—å. 

–î–ª—è –∫–æ–Ω—Å—É–ª—å—Ç–∞—Ü–∏–∏ –ø–æ –∫–≤–∞—Ä—Ç–∏—Ä–µ –∏ –∑–∞–ø–∏—Å–∏ –Ω–∞ –ø—Ä–æ—Å–º–æ—Ç—Ä (–≤–æ–∑–º–æ–∂–µ–Ω –æ–Ω–ª–∞–π–Ω –ø–æ–∫–∞–∑), –æ–±—Ä–∞—â–∞–π—Ç–µ—Å—å:

üìû +66990927448

* —É—Ç–æ—á–Ω—è–π—Ç–µ —Ü–µ–Ω—ã (‚ÇΩ –∏ $) –Ω–∞ —Ç–µ–∫—É—â—É—é –¥–∞—Ç—É."
7074343286,realestatephuketisland,https://t.me/phuket_buy_sell,https://t.me/phuket_buy_sell/231901,"üê† –ì–æ—Ç–æ–≤–∞—è –∫–≤–∞—Ä—Ç–∏—Ä–∞ –≤ —É—Å–ø–µ—à–Ω–æ–º –ø—Ä–æ–µ–∫—Ç–µ, —Ä–∞–π–æ–Ω Nayang

–¶–µ–Ω–∞: ‡∏ø4¬†250¬†000,00 (‚ÇΩ9 990 000, $115 790*)

–ü–ª–æ—â–∞–¥—å: 36–º/–∫–≤. –≠—Ç–∞–∂: 6

–†–∞—Å–ø–æ–ª–æ–∂–µ–Ω–∏–µ:
https://maps.app.goo.gl/Di13ByLwaFTDGEZp9 üó∫

üëç –ì–æ—Ç–æ–≤–Ω–æ—Å—Ç—å 100%! –§–æ—Ç–æ —Ä–µ–∞–ª—å–Ω–æ–π —Å—Ç–µ–ø–µ–Ω–∏ –≥–æ—Ç–æ–≤–Ω–æ—Å—Ç–∏.

üêö –ù–∞—Å—ã—â–µ–Ω–Ω–∞—è –∏–Ω—Ñ—Ä–∞—Å—Ç—Ä—É–∫—Ç—É—Ä–∞ –∫–æ–º–ø–ª–µ–∫—Å–∞, –±–∞—Å—Å–µ–π–Ω—ã, —Ä–µ—Å—Ç–æ—Ä–∞–Ω—ã, –æ—Ö—Ä–∞–Ω–∞ 24/7, —Ñ–∏—Ç–Ω–µ—Å.

üèû –ê–ø–∞—Ä—Ç–∞–º–µ–Ω—Ç—ã –ø—Ä–µ–∫—Ä–∞—Å–Ω–æ –ø–æ–¥–æ–π–¥—É—Ç –¥–ª—è –ø—Ä–æ–∂–∏–≤–∞–Ω–∏—è –∏–ª–∏ –ø–æ–¥ —Å–¥–∞—á—É –≤ –∞—Ä–µ–Ω–¥—É.

–û—Å–Ω–æ–≤–Ω—ã–µ –ø—Ä–µ–∏–º—É—â–µ—Å—Ç–≤–∞:

‚úÖ –û—Ç–ª–∏—á–Ω–æ–µ –±–ª–∞–≥–æ—É—Å—Ç—Ä–æ–π—Å—Ç–≤–æ
‚úÖ –ï—Å—Ç—å –≤–∞—Ä–∏–∞–Ω—Ç –æ–ø–ª–∞—Ç—ã –≤ —Ä–∞—Å—Å—Ä–æ—á–∫—É
‚úÖ 3 –±–∞—Å—Å–µ–π–Ω–∞ + –¥–µ—Ç—Å–∫–∞—è –≤–æ–¥–Ω–∞—è –≥–æ—Ä–∫–∞

üèû –ö–≤–∞—Ä—Ç–∏—Ä–∞ –º–æ–∂–µ—Ç –ø—Ä–∏–Ω–æ—Å–∏—Ç—å –ø–æ—Å—Ç–æ—è–Ω–Ω—ã–π –¥–æ—Ö–æ–¥ –æ—Ç –ø–æ—Å—É—Ç–æ—á–Ω–æ–π –∞—Ä–µ–Ω–¥—ã. 

üí∞–¢–∞–∫ –∂–µ –∫–≤–∞—Ä—Ç–∏—Ä—É –º–æ–∂–Ω–æ –∫—É–ø–∏—Ç—å –¥–∏—Å—Ç–∞–Ω—Ü–∏–æ–Ω–Ω–æ –∏ —Å—Ä–∞–∑—É —Å–¥–∞—Ç—å –≤ –∞—Ä–µ–Ω–¥—É. –ü—Ä–µ–¥–ª–æ–∂–µ–Ω–∏–µ –≤—ã–≥–æ–¥–Ω–æ–µ, —É—Å–ø–µ–π—Ç–µ –∫—É–ø–∏—Ç—å. 

üí™ –ê–≥–µ–Ω—Ç—ã, –¥–æ–±—Ä–æ –ø–æ–∂–∞–ª–æ–≤–∞—Ç—å!

ü•á–î–æ–∫—É–º–µ–Ω—Ç—ã –ø–æ–¥–≥–æ—Ç–æ–≤–ª–µ–Ω—ã! 

–î–ª—è –∫–æ–Ω—Å—É–ª—å—Ç–∞—Ü–∏–∏ –ø–æ –∫–≤–∞—Ä—Ç–∏—Ä–µ –∏ –∑–∞–ø–∏—Å–∏ –Ω–∞ –ø—Ä–æ—Å–º–æ—Ç—Ä (–≤–æ–∑–º–æ–∂–µ–Ω –æ–Ω–ª–∞–π–Ω –ø–æ–∫–∞–∑), –æ–±—Ä–∞—â–∞–π—Ç–µ—Å—å:

üìû +66990927448

* —É—Ç–æ—á–Ω—è–π—Ç–µ —Ü–µ–Ω—ã (‚ÇΩ –∏ $) –Ω–∞ —Ç–µ–∫—É—â—É—é –¥–∞—Ç—É."
7074343286,realestatephuketisland,https://t.me/Baraholka_Phuket_ru,https://t.me/Baraholka_Phuket_ru/92560,"üçÄ–ü–æ—Å—Ç—É–ø–∏–ª–∞ –≤ –ø—Ä–æ–¥–∞–∂—É –≥–æ—Ç–æ–≤–∞—è 1 —Å–ø–∞–ª—å–Ω–∞—è –∫–≤–∞—Ä—Ç–∏—Ä–∞ —Å –∫—É—Ö–Ω–µ–π –≥–æ—Å—Ç–∏–Ω–æ–π, —Ä—è–¥–æ–º —Å –∞—ç—Ä–æ–ø–æ—Ä—Ç–æ–º.

–¶–µ–Ω–∞: ‡∏ø3¬†400¬†000,00 (‚ÇΩ8 200 000, $92 400*)

–ü–ª–æ—â–∞–¥—å: 35 –º/–∫–≤. –≠—Ç–∞–∂: 4

–†–∞—Å–ø–æ–ª–æ–∂–µ–Ω–∏–µ: 
https://maps.app.goo.gl/uogvBUsw7M2m1HQs6 üó∫

üèù–ü–æ–ø—É–ª—è—Ä–Ω—ã–π —Ä–∞–π–æ–Ω –¥–ª—è –æ—Ç–¥—ã—Ö–∞ –∏–ª–∏ —Å–¥–∞—á–∏ –∫–≤–∞—Ä—Ç–∏—Ä—ã –≤ –∞—Ä–µ–Ω–¥—É. 

–û—Å–Ω–æ–≤–Ω—ã–µ –ø—Ä–µ–∏–º—É—â–µ—Å—Ç–≤–∞:

‚úÖ –í—ã–≥–æ–¥–Ω–∞—è —Ü–µ–Ω–∞
‚úÖ –ü–æ–ø—É–ª—è—Ä–Ω–∞—è –ª–æ–∫–∞—Ü–∏—è
‚úÖ –ñ–∏–ª–æ–π –∫–æ–º–ø–ª–µ–∫—Å –≤—ã—Å–æ–∫–æ–≥–æ –∫–∞—á–µ—Å—Ç–≤–∞

üóæ–ï—Å—Ç—å –≤—Å—è –∏–Ω—Ñ—Ä–∞—Å—Ç—Ä—É–∫—Ç—É—Ä–∞, –¥–æ –º–æ—Ä—è 500 –º–µ—Ç—Ä–æ–≤. 

ü™©–ö–æ–º–ø–ª–µ–∫—Å –æ—Ö—Ä–∞–Ω—è–µ–º—ã–π, –±–∞—Å—Å–µ–π–Ω—ã 
–í –∫–≤–∞—Ä—Ç–∏—Ä–µ —Ö–æ—Ä–æ—à–∏–π —Ä–µ–º–æ–Ω—Ç. –ö–≤–∞—Ä—Ç–∏—Ä–∞ –ø–æ–ª–Ω–æ—Å—Ç—å—é –æ–±—Å—Ç–∞–≤–ª–µ–Ω–∞ –º–µ–±–µ–ª—å—é –∏ —Ç–µ—Ö–Ω–∏–∫–æ–π. 

üí∞–°–µ–π—á–∞—Å —Å–∞–º–æ–µ –ª—É—á—à–µ–µ –≤—Ä–µ–º—è –¥–ª—è –ø–æ–∫—É–ø–∫–∏ –∫–≤–∞—Ä—Ç–∏—Ä–∞ –ø–æ–¥ —Ç—É—Ä–∏—Å—Ç–∏—á–µ—Å–∫–∏–π —Å–µ–∑–æ–Ω, —á—Ç–æ –ø—Ä–∏–Ω–µ—Å–µ—Ç –¥–æ—Ö–æ–¥.

ü•á–ù–∞—à–∏ —é—Ä–∏—Å—Ç—ã –±–µ–∑–æ–ø–∞—Å–Ω–æ –ø—Ä–æ–≤–µ–¥—É—Ç —Å–¥–µ–ª–∫—É –µ—Å–ª–∏ –Ω–µ–æ–±—Ö–æ–¥–∏–º–æ, –∫–≤–∞—Ä—Ç–∏—Ä—É –º–æ–∂–Ω–æ –∫—É–ø–∏—Ç—å –¥–∏—Å—Ç–∞–Ω—Ü–∏–æ–Ω–Ω–æ.

–î–ª—è –∫–æ–Ω—Å—É–ª—å—Ç–∞—Ü–∏–∏ –ø–æ –∫–≤–∞—Ä—Ç–∏—Ä–µ –∏ –∑–∞–ø–∏—Å–∏ –Ω–∞ –ø—Ä–æ—Å–º–æ—Ç—Ä
(–≤–æ–∑–º–æ–∂–µ–Ω –æ–Ω–ª–∞–π–Ω –ø–æ–∫–∞–∑), –æ–±—Ä–∞—â–∞–π—Ç–µ—Å—å:

üìû +66990927448

* —É—Ç–æ—á–Ω—è–π—Ç–µ —Ü–µ–Ω—ã (‚ÇΩ –∏ $) –Ω–∞ —Ç–µ–∫—É—â—É—é –¥–∞—Ç—É."
7074343286,realestatephuketisland,https://t.me/phuket_buy_sell,https://t.me/phuket_buy_sell/231974,"üè° –ù–æ–≤—ã–π –¢–∞—É–Ω—Ö–∞—É—Å —Å –ø–æ–ª–Ω–æ–π –æ—Ç–¥–µ–ª–∫–æ–π –∏ –º–µ–±–µ–ª—å—é —Ä—è–¥–æ–º —Å–æ —à–∫–æ–ª–æ–π BCIS

–¶–µ–Ω–∞: ‡∏ø5¬†500¬†000,00 (‚ÇΩ13 222 000, $149 400*)

–ü–ª–æ—â–∞–¥—å: 152–º/–∫–≤. –≠—Ç–∞–∂–Ω–æ—Å—Ç—å: 2

–†–∞—Å–ø–æ–ª–æ–∂–µ–Ω–∏–µ:
https://maps.app.goo.gl/4WVc44AFw982YKJZA üó∫

–û—Å–Ω–æ–≤–Ω—ã–µ –ø—Ä–µ–∏–º—É—â–µ—Å—Ç–≤–∞:

‚úÖ –†—è–¥–æ–º –®–∫–æ–ª–∞ BCIS, –º–∞–≥–∞–∑–∏–Ω—ã, –∞–ø—Ç–µ–∫–∏
‚úÖ –¢–∞—É–Ω—Ö–∞—É—Å –Ω–æ–≤—ã–π
‚úÖ –£–¥–æ–±–Ω–∞—è —Ç—Ä–∞–Ω—Å–ø–æ—Ä—Ç–Ω–∞—è –¥–æ—Å—Ç—É–ø–Ω–æ—Å—Ç—å
‚úÖ 3 –ø–ª—è–∂–∞ –≤ 25 –º–∏–Ω—É—Ç–∞—Ö –µ–∑–¥—ã 

–£–¥–æ–±–Ω–∞—è –ª–æ–∫–∞—Ü–∏—è –æ—Ç–∫—Ä—ã–≤–∞–µ—Ç –º–∞—Å—Å—É –≤–æ–∑–º–æ–∂–Ω–æ—Å—Ç–µ–π.
–†—è–¥–æ–º –º–∞–≥–∞–∑–∏–Ω—ã –õ–æ—Ç—É—Å, –ú–∞–∫—Ä–æ, –¥–æ –ø–ª—è–∂–µ–π –ö–∞—Ç–∞, –ö–∞—Ä–æ–Ω, –ù–∞–π—Ö–∞—Ä–Ω 25 –º–∏–Ω—É—Ç.
 
–í –¥–æ–º–µ —Å–¥–µ–ª–∞–Ω –∫–∞—á–µ—Å—Ç–≤–µ–Ω–Ω—ã–π —Ä–µ–º–æ–Ω—Ç, –≤—Å—Ç—Ä–∞–∏–≤–∞–µ–º–∞—è –∫—É—Ö–Ω—è –∏ —Ç–µ—Ö–Ω–∏–∫–∞.
–ò–¥–µ–∞–ª—å–Ω—ã–π –≤–∞—Ä–∏–∞–Ω—Ç –¥–ª—è –∫—Ä—É–≥–ª–æ–≥–æ–¥–∏—á–Ω–æ–≥–æ –ø—Ä–æ–∂–∏–≤–∞–Ω–∏—è.

üí° –ê–≥–µ–Ω—Ç—ã –¥–æ–±—Ä–æ –ø–æ–∂–∞–ª–æ–≤–∞—Ç—å!

ü•á–í—Å–µ –¥–æ–∫—É–º–µ–Ω—Ç—ã –ø–æ–¥–≥–æ—Ç–æ–≤–ª–µ–Ω—ã –∫ –ø—Ä–æ–¥–∞–∂–µ, –Ω–∞–ø–∏—à–∏—Ç–µ –º–Ω–µ –∏–ª–∏ –ø–æ–∑–≤–æ–Ω–∏—Ç–µ –∏ —è –æ—Ä–≥–∞–Ω–∏–∑—É—é –ø—Ä–æ—Å–º–æ—Ç—Ä. –ú–æ–≥—É —Å–¥–µ–ª–∞—Ç—å –¥–∏—Å—Ç–∞–Ω—Ü–∏–æ–Ω–Ω—ã–π –ø–æ–∫–∞–∑. 

üí∞–¢–∞–∫ –∂–µ —Ç–∞—É–Ω—Ö–∞—É—Å –º–æ–∂–Ω–æ –∫—É–ø–∏—Ç—å –¥–∏—Å—Ç–∞–Ω—Ü–∏–æ–Ω–Ω–æ –∏ —Å—Ä–∞–∑—É —Å–¥–∞—Ç—å –≤ –∞—Ä–µ–Ω–¥—É. –ü—Ä–µ–¥–ª–æ–∂–µ–Ω–∏–µ –≤—ã–≥–æ–¥–Ω–æ–µ, —É—Å–ø–µ–π—Ç–µ –∫—É–ø–∏—Ç—å. 

–î–ª—è –∫–æ–Ω—Å—É–ª—å—Ç–∞—Ü–∏–∏ –∏ –∑–∞–ø–∏—Å–∏ –Ω–∞ –ø—Ä–æ—Å–º–æ—Ç—Ä
(–≤–æ–∑–º–æ–∂–µ–Ω –æ–Ω–ª–∞–π–Ω –ø–æ–∫–∞–∑), –æ–±—Ä–∞—â–∞–π—Ç–µ—Å—å:

üìû +66990927448

* —É—Ç–æ—á–Ω—è–π—Ç–µ —Ü–µ–Ω—ã  (‚ÇΩ –∏ $) –Ω–∞ —Ç–µ–∫—É—â—É—é –¥–∞—Ç—É."
5315768052,AlexanderPhuket,https://t.me/Baraholka_Phuket_ru,https://t.me/Baraholka_Phuket_ru/92566,"üè°""Barn house"" –≤ –∞—Ä–µ–Ω–¥—É.
The Granary Villas - –æ—á–∞—Ä–æ–≤–∞–Ω–∏–µ —Å–æ–≤—Ä–µ–º–µ–Ω–Ω–æ–π —Ä–æ—Å–∫–æ—à–∏ –≤ —Å—Ç–∏–ª–µ –ª–æ—Ñ—Ç, –ª–µ–∂–∞—â–∏–º–∏ –≤ –æ—Å–Ω–æ–≤–µ –∫–æ–Ω—Ü–µ–ø—Ü–∏–∏ —Å–µ–ª—å—Å–∫–æ–π –∞–º–±–∞—Ä–Ω–æ–π –∞—Ä—Ö–∏—Ç–µ–∫—Ç—É—Ä—ã. 

‚úÖÔ∏è 3 –∏–∑–æ–ª–∏—Ä–æ–≤–∞–Ω–Ω—ã–µ —Å–ø–∞–ª—å–Ω–∏ + –¥–µ—Ç—Å–∫–∞—è
‚úÖÔ∏è 4 –≤–∞–Ω–Ω—ã–µ 
‚úÖÔ∏è 2 –≥–æ—Å—Ç–∏–Ω–Ω—ã–µ-—Å—Ç–æ–ª–æ–≤—ã–µ
‚úÖÔ∏è –°–æ–≤—Ä–µ–º–µ–Ω–Ω–∞—è –∫—É—Ö–Ω—è
‚úÖÔ∏è –ë–∞—Å—Å–µ–π–Ω 7–º√ó3–º
‚úÖÔ∏è –ü–ª–æ—â–∞–¥—å –≤–∏–ª–ª—ã 430 –∫–≤.–º.
‚úÖÔ∏è –ü–∞–Ω–æ—Ä–∞–º–Ω–æ–µ –æ—Å—Ç–µ–∫–ª–µ–Ω–∏–µ —Å –≤–∏–¥–æ–º –Ω–∞ —Å–∞–¥
‚úÖÔ∏è –°–∏—Å—Ç–µ–º–∞ –∫–æ–Ω–¥–∏—Ü–∏–æ–Ω–∏—Ä–æ–≤–∞–Ω–∏—è
‚úÖÔ∏è –ü–∞—Ä–∫–æ–≤–∫–∞
‚úÖÔ∏è Smart TV + WiFi
‚úÖÔ∏è –°–∞—É–Ω–∞ –∏ –§–∏—Ç–Ω–µ—Å
‚úÖÔ∏è –û—Ö—Ä–∞–Ω—è–µ–º–∞—è —Ç–µ—Ä—Ä–∏—Ç–æ—Ä–∏—è 

üìå 4 –∫–º-–ø–ª—è–∂ –ë–∞–Ω–≥–¢–∞–æ 
üìå 6,5 –∫–º-–ø–ª—è–∂ –°—É—Ä–∏–Ω
üìå 5 –∫–º-–ø–ª—è–∂ –õ–∞–π—è–Ω
üìå 2,5 –∫–º-–∞–∫–≤–∞–ø–∞—Ä–∫ Blue Tree
üìå 2,5 –∫–º-Boat Avenue 
üìå 13 –∫–º-–ê—ç—Ä–æ–ø–æ—Ä—Ç 

üí∏ 
—Å–µ–Ω—Ç—è–±—Ä—å - 160 000 –±–∞—Ç/–º–µ—Å
–æ–∫—Ç—è–±—Ä—å¬†¬† - 200 000 –±–∞—Ç/–º–µ—Å
–Ω–æ—è–±—Ä—å¬†¬†¬†¬† - 240 000 –±–∞—Ç/–º–µ—Å
(–æ—Ç 2—Ö –Ω–µ–¥–µ–ª—å, –¥–µ–ø–æ–∑–∏—Ç 50 000 –±–∞—Ç)"
